Weipa_1	Na01_Weipa	Native
Weipa_2	Na01_Weipa	Native
Weipa_3	Na01_Weipa	Native
Weipa_4	Na01_Weipa	Native
Weipa_5	Na01_Weipa	Native
Mapoon_1	Na02_Mapoon	Native
Mapoon_2	Na02_Mapoon	Native
Mapoon_3	Na02_Mapoon	Native
Mapoon_4	Na02_Mapoon	Native
Mapoon_5	Na02_Mapoon	Native
Mapoon_6	Na02_Mapoon	Native
Mapoon_7	Na02_Mapoon	Native
Mapoon_8	Na02_Mapoon	Native
York_1	Na03_York	Native
York_2	Na03_York	Native
York_3	Na03_York	Native
York_4	Na03_York	Native
York_5	Na03_York	Native
York_6	Na03_York	Native
York_7	Na03_York	Native
York_8	Na03_York	Native
York_9	Na03_York	Native
York_10	Na03_York	Native
York_11	Na03_York	Native
Coen_1	Na04_Coen	Native
Coen_2	Na04_Coen	Native
Coen_3	Na04_Coen	Native
Coen_4	Na04_Coen	Native
Coen_5	Na04_Coen	Native
Coen_6	Na04_Coen	Native
Coen_7	Na04_Coen	Native
Coen_8	Na04_Coen	Native
Cooktown_1	Na05_Cooktown	Native
Cooktown_2	Na05_Cooktown	Native
Cooktown_3	Na05_Cooktown	Native
Cooktown_4	Na05_Cooktown	Native
Cooktown_5	Na05_Cooktown	Native
Cooktown_6	Na05_Cooktown	Native
Cooktown_7	Na05_Cooktown	Native
Cooktown_8	Na05_Cooktown	Native
Tribulation_1	Na06_Tribulation	Native
Tribulation_2	Na06_Tribulation	Native
Tribulation_3	Na06_Tribulation	Native
Tribulation_4	Na06_Tribulation	Native
Tribulation_5	Na06_Tribulation	Native
Tribulation_6	Na06_Tribulation	Native
Tribulation_7	Na06_Tribulation	Native
Cairns_1	Na07_Cairns	Native
Cairns_2	Na07_Cairns	Native
Cairns_3	Na07_Cairns	Native
Cairns_4	Na07_Cairns	Native
Mareeba_1	Na08_Mareeba	Native
Mareeba_2	Na08_Mareeba	Native
Mareeba_3	Na08_Mareeba	Native
Mareeba_4	Na08_Mareeba	Native
Mareeba_5	Na08_Mareeba	Native
Mareeba_6	Na08_Mareeba	Native
Mareeba_7	Na08_Mareeba	Native
Mareeba_8	Na08_Mareeba	Native
Mareeba_9	Na08_Mareeba	Native
Mareeba_10	Na08_Mareeba	Native
Mareeba_11	Na08_Mareeba	Native
Mareeba_12	Na08_Mareeba	Native
Mareeba_13	Na08_Mareeba	Native
Mareeba_14	Na08_Mareeba	Native
Mareeba_15	Na08_Mareeba	Native
Mareeba_16	Na08_Mareeba	Native
Mareeba_17	Na08_Mareeba	Native
Mareeba_18	Na08_Mareeba	Native
Mareeba_19	Na08_Mareeba	Native
Mareeba_20	Na08_Mareeba	Native
Mareeba_21	Na08_Mareeba	Native
Utchee_1	Na09_Utchee	Native
Utchee_2	Na09_Utchee	Native
Utchee_3	Na09_Utchee	Native
Utchee_4	Na09_Utchee	Native
Utchee_5	Na09_Utchee	Native
Utchee_6	Na09_Utchee	Native
Utchee_7	Na09_Utchee	Native
Utchee_8	Na09_Utchee	Native
Utchee_9	Na09_Utchee	Native
Townsville_1	Na10_Townsville	Native
Townsville_2	Na10_Townsville	Native
Townsville_3	Na10_Townsville	Native
Townsville_4	Na10_Townsville	Native
Townsville_5	Na10_Townsville	Native
Townsville_6	Na10_Townsville	Native
Townsville_7	Na10_Townsville	Native
Townsville_8	Na10_Townsville	Native
Bowen_1	Na11_Bowen	Native
Bowen_2	Na11_Bowen	Native
Bowen_3	Na11_Bowen	Native
Bowen_4	Na11_Bowen	Native
Bowen_5	Na11_Bowen	Native
Bowen_6	Na11_Bowen	Native
Bowen_7	Na11_Bowen	Native
Bowen_8	Na11_Bowen	Native
Rockhampton_1	Na12_Rockhampton	Native
Rockhampton_2	Na12_Rockhampton	Native
Rockhampton_3	Na12_Rockhampton	Native
Rockhampton_4	Na12_Rockhampton	Native
Rockhampton_5	Na12_Rockhampton	Native
Rockhampton_6	Na12_Rockhampton	Native
Rockhampton_7	Na12_Rockhampton	Native
Rockhampton_8	Na12_Rockhampton	Native
Rockhampton_9	Na12_Rockhampton	Native
Rockhampton_10	Na12_Rockhampton	Native
Rockhampton_11	Na12_Rockhampton	Native
Rockhampton_12	Na12_Rockhampton	Native
Brisbane_1	Na13_Brisbane	Native
Brisbane_2	Na13_Brisbane	Native
Brisbane_3	Na13_Brisbane	Native
Brisbane_4	Na13_Brisbane	Native
Brisbane_5	Na13_Brisbane	Native
Brisbane_6	Na13_Brisbane	Native
Brisbane_7	Na13_Brisbane	Native
Brisbane_8	Na13_Brisbane	Native
Brisbane_9	Na13_Brisbane	Native
Brisbane_10	Na13_Brisbane	Native
Brisbane_11	Na13_Brisbane	Native
Brisbane_12	Na13_Brisbane	Native
Brisbane_13	Na13_Brisbane	Native
Brisbane_14	Na13_Brisbane	Native
Brisbane_15	Na13_Brisbane	Native
Brisbane_16	Na13_Brisbane	Native
Brisbane_17	Na13_Brisbane	Native
Brisbane_18	Na13_Brisbane	Native
Brisbane_19	Na13_Brisbane	Native
Brisbane_20	Na13_Brisbane	Native
Brisbane_21	Na13_Brisbane	Native
Brisbane_22	Na13_Brisbane	Native
Torrent_1	Na14_Torrent	Native
Torrent_2	Na14_Torrent	Native
Torrent_3	Na14_Torrent	Native
Torrent_4	Na14_Torrent	Native
Torrent_5	Na14_Torrent	Native
Torrent_6	Na14_Torrent	Native
Torrent_7	Na14_Torrent	Native
Torrent_8	Na14_Torrent	Native
Hughenden_1	Na15_Hughenden	Native
Hughenden_2	Na15_Hughenden	Native
Hughenden_3	Na15_Hughenden	Native
Hughenden_4	Na15_Hughenden	Native
Hughenden_5	Na15_Hughenden	Native
Hughenden_6	Na15_Hughenden	Native
Hughenden_7	Na15_Hughenden	Native
Hughenden_8	Na15_Hughenden	Native
Cloncurry_1	Ex01_Cloncurry	Expanded
Cloncurry_2	Ex01_Cloncurry	Expanded
Cloncurry_3	Ex01_Cloncurry	Expanded
Cloncurry_4	Ex01_Cloncurry	Expanded
Cloncurry_5	Ex01_Cloncurry	Expanded
Cloncurry_6	Ex01_Cloncurry	Expanded
Cloncurry_7	Ex01_Cloncurry	Expanded
Cloncurry_8	Ex01_Cloncurry	Expanded
Isa_1	Ex02_Isa	Expanded
Isa_2	Ex02_Isa	Expanded
Isa_3	Ex02_Isa	Expanded
Isa_4	Ex02_Isa	Expanded
Isa_5	Ex02_Isa	Expanded
Isa_6	Ex02_Isa	Expanded
Isa_7	Ex02_Isa	Expanded
Isa_8	Ex02_Isa	Expanded
Narrabri_1	Ex03_Narrabri	Expanded
Narrabri_2	Ex03_Narrabri	Expanded
Narrabri_3	Ex03_Narrabri	Expanded
Narrabri_4	Ex03_Narrabri	Expanded
Narrabri_5	Ex03_Narrabri	Expanded
Narrabri_6	Ex03_Narrabri	Expanded
Narrabri_7	Ex03_Narrabri	Expanded
Narrabri_8	Ex03_Narrabri	Expanded
Narrabri_9	Ex03_Narrabri	Expanded
Sydney_1	Ex04_Sydney	Expanded
Sydney_2	Ex04_Sydney	Expanded
Sydney_3	Ex04_Sydney	Expanded
Sydney_4	Ex04_Sydney	Expanded
Sydney_5	Ex04_Sydney	Expanded
Sydney_6	Ex04_Sydney	Expanded
Sydney_7	Ex04_Sydney	Expanded
Sydney_8	Ex04_Sydney	Expanded
Sydney_9	Ex04_Sydney	Expanded
Sydney_10	Ex04_Sydney	Expanded
Sydney_11	Ex04_Sydney	Expanded
Sydney_12	Ex04_Sydney	Expanded
Sydney_13	Ex04_Sydney	Expanded
Sydney_14	Ex04_Sydney	Expanded
Sydney_15	Ex04_Sydney	Expanded
Canberra_1	Ex05_Canberra	Expanded
Canberra_2	Ex05_Canberra	Expanded
Canberra_3	Ex05_Canberra	Expanded
Canberra_4	Ex05_Canberra	Expanded
Canberra_5	Ex05_Canberra	Expanded
Canberra_6	Ex05_Canberra	Expanded
Canberra_7	Ex05_Canberra	Expanded
Canberra_8	Ex05_Canberra	Expanded
Canberra_9	Ex05_Canberra	Expanded
Canberra_10	Ex05_Canberra	Expanded
Canberra_11	Ex05_Canberra	Expanded
Canberra_12	Ex05_Canberra	Expanded
Canberra_13	Ex05_Canberra	Expanded
Canberra_14	Ex05_Canberra	Expanded
Canberra_15	Ex05_Canberra	Expanded
Canberra_16	Ex05_Canberra	Expanded
Batemans_1	Ex06_Batemans	Expanded
Batemans_2	Ex06_Batemans	Expanded
Batemans_3	Ex06_Batemans	Expanded
Batemans_4	Ex06_Batemans	Expanded
Batemans_5	Ex06_Batemans	Expanded
Batemans_6	Ex06_Batemans	Expanded
Batemans_7	Ex06_Batemans	Expanded
Batemans_8	Ex06_Batemans	Expanded
Batemans_9	Ex06_Batemans	Expanded
Bega_1	Ex07_Bega	Expanded
Bega_2	Ex07_Bega	Expanded
Bega_3	Ex07_Bega	Expanded
Bega_4	Ex07_Bega	Expanded
Bega_5	Ex07_Bega	Expanded
Bega_6	Ex07_Bega	Expanded
Bega_7	Ex07_Bega	Expanded
Bega_8	Ex07_Bega	Expanded
Bega_9	Ex07_Bega	Expanded
Bega_10	Ex07_Bega	Expanded
Bega_11	Ex07_Bega	Expanded
Bega_12	Ex07_Bega	Expanded
Bega_13	Ex07_Bega	Expanded
Ardlethan_1	Ex08_Ardlethan	Expanded
Ardlethan_2	Ex08_Ardlethan	Expanded
Ardlethan_3	Ex08_Ardlethan	Expanded
Ardlethan_4	Ex08_Ardlethan	Expanded
Ardlethan_5	Ex08_Ardlethan	Expanded
Ardlethan_6	Ex08_Ardlethan	Expanded
Ardlethan_7	Ex08_Ardlethan	Expanded
Ardlethan_8	Ex08_Ardlethan	Expanded
Griffith_1	Ex09_Griffith	Expanded
Griffith_2	Ex09_Griffith	Expanded
Griffith_3	Ex09_Griffith	Expanded
Griffith_4	Ex09_Griffith	Expanded
Griffith_5	Ex09_Griffith	Expanded
Griffith_6	Ex09_Griffith	Expanded
Griffith_7	Ex09_Griffith	Expanded
Griffith_8	Ex09_Griffith	Expanded
Griffith_9	Ex09_Griffith	Expanded
Griffith_10	Ex09_Griffith	Expanded
Shepparton_1	Ex10_Shepparton	Expanded
Shepparton_2	Ex10_Shepparton	Expanded
Shepparton_3	Ex10_Shepparton	Expanded
Shepparton_4	Ex10_Shepparton	Expanded
Shepparton_5	Ex10_Shepparton	Expanded
Shepparton_6	Ex10_Shepparton	Expanded
Shepparton_7	Ex10_Shepparton	Expanded
Shepparton_8	Ex10_Shepparton	Expanded
Shepparton_9	Ex10_Shepparton	Expanded
Alice_1	In01_Alice	Invasive
Alice_2	In01_Alice	Invasive
Alice_3	In01_Alice	Invasive
Alice_4	In01_Alice	Invasive
Alice_5	In01_Alice	Invasive
Alice_6	In01_Alice	Invasive
Alice_7	In01_Alice	Invasive
Alice_8	In01_Alice	Invasive
Alice_9	In01_Alice	Invasive
Alice_10	In01_Alice	Invasive
Alice_11	In01_Alice	Invasive
Alice_12	In01_Alice	Invasive
Alice_13	In01_Alice	Invasive
Alice_14	In01_Alice	Invasive
Alice_15	In01_Alice	Invasive
Alice_16	In01_Alice	Invasive
Alice_17	In01_Alice	Invasive
Alice_18	In01_Alice	Invasive
Alice_19	In01_Alice	Invasive
Alice_20	In01_Alice	Invasive
Alice_21	In01_Alice	Invasive
Alice_22	In01_Alice	Invasive
Alice_23	In01_Alice	Invasive
Alice_24	In01_Alice	Invasive
Alice_25	In01_Alice	Invasive
Alice_26	In01_Alice	Invasive
Alice_27	In01_Alice	Invasive
Alice_28	In01_Alice	Invasive
Alice_29	In01_Alice	Invasive
Alice_30	In01_Alice	Invasive
Alice_31	In01_Alice	Invasive
Loyalty_1	In02_Loyalty	Invasive
Loyalty_2	In02_Loyalty	Invasive
Loyalty_3	In02_Loyalty	Invasive
Loyalty_4	In02_Loyalty	Invasive
Loyalty_5	In02_Loyalty	Invasive
Loyalty_6	In02_Loyalty	Invasive
Loyalty_7	In02_Loyalty	Invasive
Loyalty_8	In02_Loyalty	Invasive
Loyalty_9	In02_Loyalty	Invasive
Loyalty_10	In02_Loyalty	Invasive
Tahiti_1	In03_Tahiti	Invasive
Tahiti_2	In03_Tahiti	Invasive
Tahiti_3	In03_Tahiti	Invasive
Tahiti_4	In03_Tahiti	Invasive
Tahiti_5	In03_Tahiti	Invasive
Tahiti_6	In03_Tahiti	Invasive
Tahiti_7	In03_Tahiti	Invasive
Tahiti_8	In03_Tahiti	Invasive

